method,stage,time
KDEPCP,Analysis 1: Analyze without interaction,23.71
KDEPCP,Analysis 1: Analyze without interaction,21.7
KDEPCP,Analysis 1: Analyze without interaction,19.29
KDEPCP,Analysis 1: Analyze without interaction,25.25
KDEPCP,Analysis 1: Analyze without interaction,27.76
KDEPCP,Analysis 1: Analyze without interaction,30.91
KDEPCP,Analysis 1: Analyze without interaction,17.9
KDEPCP,Analysis 1: Analyze without interaction,26.17
KDEPCP,Analysis 1: Analyze without interaction,27.09
KDEPCP,Analysis 1: Analyze without interaction,25.32
KDEPCP,Analysis 1: Analyze without interaction,22.34
KDEPCP,Analysis 1: Analyze without interaction,16.02
KDEPCP,Analysis 1: Analyze without interaction,16.3
KDEPCP,Analysis 1: Analyze without interaction,25.47
KDEPCP,Analysis 1: Analyze without interaction,27.17
KDEPCP,Analysis 1: Analyze without interaction,25.89
KDEPCP,Analysis 1: Analyze without interaction,24.87
KDEPCP,Analysis 1: Analyze without interaction,27.83
KDEPCP,Analysis 1: Analyze without interaction,25.06
KDEPCP,Analysis 1: Analyze without interaction,16.84
KDEPCP,Analysis 1: Analyze without interaction,28.02
KDEPCP,Analysis 1: Analyze without interaction,26.93
KDEPCP,Analysis 1: Analyze without interaction,27.29
KDEPCP,Analysis 1: Analyze without interaction,23.61
KDEPCP,Analysis 1: Analyze without interaction,16.42
KDEPCP,Analysis 1: Analyze without interaction,28.57
KDEPCP,Analysis 1: Analyze without interaction,16.26
KDEPCP,Analysis 1: Analyze without interaction,14.86
KDEPCP,Analysis 1: Analyze without interaction,29.02
KDEPCP,Analysis 1: Analyze without interaction,18.73
KDEPCP,Analysis 1: Analyze without interaction,16.28
KDEPCP,Analysis 1: Analyze without interaction,25.41
KDEPCP,Analysis 1: Analyze without interaction,22.02
KDEPCP,Analysis 1: Analyze without interaction,26.88
KDEPCP,Analysis 1: Analyze without interaction,17.3
KDEPCP,Analysis 1: Analyze without interaction,21.14
KDEPCP,Analysis 1: Analyze without interaction,17.34
KDEPCP,Analysis 1: Analyze without interaction,23.73
KDEPCP,Analysis 1: Analyze without interaction,23.28
KDEPCP,Analysis 1: Analyze without interaction,20.3
KDEPCP,Analysis 1: Analyze without interaction,19.07
KDEPCP,Analysis 1: Analyze without interaction,29.17
KDEPCP,Analysis 1: Analyze without interaction,26.16
KDEPCP,Analysis 1: Analyze without interaction,20.64
KDEPCP,Analysis 1: Analyze without interaction,16.35
KDEPCP,Analysis 1: Analyze without interaction,30.4
KDEPCP,Analysis 1: Analyze without interaction,23.47
KDEPCP,Analysis 1: Analyze without interaction,24.33
KDEPCP,Analysis 1: Analyze without interaction,16.44
KDEPCP,Analysis 1: Analyze without interaction,29.84
KDEPCP,Analysis 1: Analyze without interaction,26.57
KDEPCP,Analysis 1: Analyze without interaction,20.4
KDEPCP,Analysis 1: Analyze without interaction,24.62
KDEPCP,Analysis 1: Analyze without interaction,16.64
KDEPCP,Analysis 1: Analyze without interaction,24.58
KDEPCP,Analysis 1: Analyze without interaction,27.09
KDEPCP,Analysis 1: Analyze without interaction,29.29
KDEPCP,Analysis 1: Analyze without interaction,27.16
KDEPCP,Analysis 1: Analyze without interaction,15.59
KDEPCP,Analysis 1: Analyze without interaction,16.48
KDEPCP,Analysis 1: Analyze without interaction,20.12
KDEPCP,Analysis 1: Analyze without interaction,16.62
KDEPCP,Analysis 1: Analyze without interaction,20.5
KDEPCP,Analysis 1: Analyze without interaction,24.9
KDEPCP,Analysis 1: Analyze without interaction,22.07
KDEPCP,Analysis 1: Analyze without interaction,18.82
KDEPCP,Analysis 1: Analyze without interaction,27.32
KDEPCP,Analysis 1: Analyze without interaction,23.11
KDEPCP,Analysis 1: Analyze without interaction,28.64
KDEPCP,Analysis 1: Analyze without interaction,23.35
KDEPCP,Analysis 1: Analyze without interaction,30.8
KDEPCP,Analysis 1: Analyze without interaction,19.64
KDEPCP,Analysis 1: Analyze without interaction,20.59
KDEPCP,Analysis 1: Analyze without interaction,22.08
KDEPCP,Analysis 1: Analyze without interaction,21.08
KDEPCP,Analysis 1: Analyze without interaction,22.83
KDEPCP,Analysis 1: Analyze without interaction,18.03
KDEPCP,Analysis 1: Analyze without interaction,18.38
KDEPCP,Analysis 1: Analyze without interaction,23.14
KDEPCP,Analysis 1: Analyze without interaction,18.49
KDEPCP,Analysis 1: Analyze without interaction,24.34
KDEPCP,Analysis 1: Analyze without interaction,25.1
KDEPCP,Analysis 1: Analyze without interaction,27.95
KDEPCP,Analysis 1: Analyze without interaction,28.21
KDEPCP,Analysis 1: Analyze without interaction,21.06
KDEPCP,Analysis 1: Analyze without interaction,18.86
KDEPCP,Analysis 1: Analyze without interaction,19.09
KDEPCP,Analysis 1: Analyze without interaction,26.94
KDEPCP,Analysis 1: Analyze without interaction,24.15
KDEPCP,Analysis 1: Analyze without interaction,26.17
KDEPCP,Analysis 1: Analyze without interaction,30.63
KDEPCP,Analysis 1: Analyze without interaction,23.29
KDEPCP,Analysis 2: Use axis-swap interaction for analysis,18.01
KDEPCP,Analysis 2: Use axis-swap interaction for analysis,18.83
KDEPCP,Analysis 2: Use axis-swap interaction for analysis,17.92
KDEPCP,Analysis 2: Use axis-swap interaction for analysis,22.03
KDEPCP,Analysis 2: Use axis-swap interaction for analysis,23.57
KDEPCP,Analysis 2: Use axis-swap interaction for analysis,26.65
KDEPCP,Analysis 2: Use axis-swap interaction for analysis,15.99
KDEPCP,Analysis 2: Use axis-swap interaction for analysis,22.9
KDEPCP,Analysis 2: Use axis-swap interaction for analysis,22.23
KDEPCP,Analysis 2: Use axis-swap interaction for analysis,23.38
KDEPCP,Analysis 2: Use axis-swap interaction for analysis,20.69
KDEPCP,Analysis 2: Use axis-swap interaction for analysis,16.39
KDEPCP,Analysis 2: Use axis-swap interaction for analysis,15.23
KDEPCP,Analysis 2: Use axis-swap interaction for analysis,23.07
KDEPCP,Analysis 2: Use axis-swap interaction for analysis,22.4
KDEPCP,Analysis 2: Use axis-swap interaction for analysis,21.4
KDEPCP,Analysis 2: Use axis-swap interaction for analysis,23.61
KDEPCP,Analysis 2: Use axis-swap interaction for analysis,26.88
KDEPCP,Analysis 2: Use axis-swap interaction for analysis,20.95
KDEPCP,Analysis 2: Use axis-swap interaction for analysis,15.23
KDEPCP,Analysis 2: Use axis-swap interaction for analysis,23.6
KDEPCP,Analysis 2: Use axis-swap interaction for analysis,24.61
KDEPCP,Analysis 2: Use axis-swap interaction for analysis,22.7
KDEPCP,Analysis 2: Use axis-swap interaction for analysis,20.51
KDEPCP,Analysis 2: Use axis-swap interaction for analysis,16.47
KDEPCP,Analysis 2: Use axis-swap interaction for analysis,16.19
KDEPCP,Analysis 2: Use axis-swap interaction for analysis,15.51
KDEPCP,Analysis 2: Use axis-swap interaction for analysis,13.84
KDEPCP,Analysis 2: Use axis-swap interaction for analysis,26.75
KDEPCP,Analysis 2: Use axis-swap interaction for analysis,18.19
KDEPCP,Analysis 2: Use axis-swap interaction for analysis,15.81
KDEPCP,Analysis 2: Use axis-swap interaction for analysis,22.31
KDEPCP,Analysis 2: Use axis-swap interaction for analysis,17.78
KDEPCP,Analysis 2: Use axis-swap interaction for analysis,24.49
KDEPCP,Analysis 2: Use axis-swap interaction for analysis,15.12
KDEPCP,Analysis 2: Use axis-swap interaction for analysis,20.13
KDEPCP,Analysis 2: Use axis-swap interaction for analysis,17.92
KDEPCP,Analysis 2: Use axis-swap interaction for analysis,22.95
KDEPCP,Analysis 2: Use axis-swap interaction for analysis,21.82
KDEPCP,Analysis 2: Use axis-swap interaction for analysis,18.16
KDEPCP,Analysis 2: Use axis-swap interaction for analysis,18.2
KDEPCP,Analysis 2: Use axis-swap interaction for analysis,28.37
KDEPCP,Analysis 2: Use axis-swap interaction for analysis,25.71
KDEPCP,Analysis 2: Use axis-swap interaction for analysis,18.14
KDEPCP,Analysis 2: Use axis-swap interaction for analysis,15.51
KDEPCP,Analysis 2: Use axis-swap interaction for analysis,29.35
KDEPCP,Analysis 2: Use axis-swap interaction for analysis,21.75
KDEPCP,Analysis 2: Use axis-swap interaction for analysis,20.23
KDEPCP,Analysis 2: Use axis-swap interaction for analysis,16.19
KDEPCP,Analysis 2: Use axis-swap interaction for analysis,27.53
KDEPCP,Analysis 2: Use axis-swap interaction for analysis,24.56
KDEPCP,Analysis 2: Use axis-swap interaction for analysis,19.72
KDEPCP,Analysis 2: Use axis-swap interaction for analysis,24.1
KDEPCP,Analysis 2: Use axis-swap interaction for analysis,15.48
KDEPCP,Analysis 2: Use axis-swap interaction for analysis,23.55
KDEPCP,Analysis 2: Use axis-swap interaction for analysis,26.78
KDEPCP,Analysis 2: Use axis-swap interaction for analysis,26.31
KDEPCP,Analysis 2: Use axis-swap interaction for analysis,23.78
KDEPCP,Analysis 2: Use axis-swap interaction for analysis,14.46
KDEPCP,Analysis 2: Use axis-swap interaction for analysis,15.26
KDEPCP,Analysis 2: Use axis-swap interaction for analysis,21.27
KDEPCP,Analysis 2: Use axis-swap interaction for analysis,15.86
KDEPCP,Analysis 2: Use axis-swap interaction for analysis,20.51
KDEPCP,Analysis 2: Use axis-swap interaction for analysis,23.41
KDEPCP,Analysis 2: Use axis-swap interaction for analysis,23.32
KDEPCP,Analysis 2: Use axis-swap interaction for analysis,17.35
KDEPCP,Analysis 2: Use axis-swap interaction for analysis,25.38
KDEPCP,Analysis 2: Use axis-swap interaction for analysis,21.69
KDEPCP,Analysis 2: Use axis-swap interaction for analysis,24.89
KDEPCP,Analysis 2: Use axis-swap interaction for analysis,24.16
KDEPCP,Analysis 2: Use axis-swap interaction for analysis,30.49
KDEPCP,Analysis 2: Use axis-swap interaction for analysis,20.39
KDEPCP,Analysis 2: Use axis-swap interaction for analysis,23.74
KDEPCP,Analysis 2: Use axis-swap interaction for analysis,23.34
KDEPCP,Analysis 2: Use axis-swap interaction for analysis,21.56
KDEPCP,Analysis 2: Use axis-swap interaction for analysis,21.9
KDEPCP,Analysis 2: Use axis-swap interaction for analysis,15.7
KDEPCP,Analysis 2: Use axis-swap interaction for analysis,21.93
KDEPCP,Analysis 2: Use axis-swap interaction for analysis,23.29
KDEPCP,Analysis 2: Use axis-swap interaction for analysis,23.56
KDEPCP,Analysis 2: Use axis-swap interaction for analysis,20.31
KDEPCP,Analysis 2: Use axis-swap interaction for analysis,24.82
KDEPCP,Analysis 2: Use axis-swap interaction for analysis,25.0
KDEPCP,Analysis 2: Use axis-swap interaction for analysis,25.28
KDEPCP,Analysis 2: Use axis-swap interaction for analysis,20.04
KDEPCP,Analysis 2: Use axis-swap interaction for analysis,17.82
KDEPCP,Analysis 2: Use axis-swap interaction for analysis,19.25
KDEPCP,Analysis 2: Use axis-swap interaction for analysis,26.31
KDEPCP,Analysis 2: Use axis-swap interaction for analysis,23.42
KDEPCP,Analysis 2: Use axis-swap interaction for analysis,25.81
KDEPCP,Analysis 2: Use axis-swap interaction for analysis,26.6
KDEPCP,Analysis 2: Use axis-swap interaction for analysis,18.08
KDEPCP,Analysis 3: Use brushing interaction for analysis,16.82
KDEPCP,Analysis 3: Use brushing interaction for analysis,16.31
KDEPCP,Analysis 3: Use brushing interaction for analysis,16.85
KDEPCP,Analysis 3: Use brushing interaction for analysis,19.05
KDEPCP,Analysis 3: Use brushing interaction for analysis,21.56
KDEPCP,Analysis 3: Use brushing interaction for analysis,24.74
KDEPCP,Analysis 3: Use brushing interaction for analysis,14.29
KDEPCP,Analysis 3: Use brushing interaction for analysis,21.6
KDEPCP,Analysis 3: Use brushing interaction for analysis,19.46
KDEPCP,Analysis 3: Use brushing interaction for analysis,22.34
KDEPCP,Analysis 3: Use brushing interaction for analysis,19.51
KDEPCP,Analysis 3: Use brushing interaction for analysis,15.71
KDEPCP,Analysis 3: Use brushing interaction for analysis,13.84
KDEPCP,Analysis 3: Use brushing interaction for analysis,21.46
KDEPCP,Analysis 3: Use brushing interaction for analysis,20.72
KDEPCP,Analysis 3: Use brushing interaction for analysis,20.93
KDEPCP,Analysis 3: Use brushing interaction for analysis,21.88
KDEPCP,Analysis 3: Use brushing interaction for analysis,24.97
KDEPCP,Analysis 3: Use brushing interaction for analysis,20.49
KDEPCP,Analysis 3: Use brushing interaction for analysis,14.73
KDEPCP,Analysis 3: Use brushing interaction for analysis,22.49
KDEPCP,Analysis 3: Use brushing interaction for analysis,22.88
KDEPCP,Analysis 3: Use brushing interaction for analysis,20.87
KDEPCP,Analysis 3: Use brushing interaction for analysis,19.34
KDEPCP,Analysis 3: Use brushing interaction for analysis,15.54
KDEPCP,Analysis 3: Use brushing interaction for analysis,15.47
KDEPCP,Analysis 3: Use brushing interaction for analysis,13.22
KDEPCP,Analysis 3: Use brushing interaction for analysis,12.74
KDEPCP,Analysis 3: Use brushing interaction for analysis,25.1
KDEPCP,Analysis 3: Use brushing interaction for analysis,17.13
KDEPCP,Analysis 3: Use brushing interaction for analysis,14.88
KDEPCP,Analysis 3: Use brushing interaction for analysis,21.29
KDEPCP,Analysis 3: Use brushing interaction for analysis,16.61
KDEPCP,Analysis 3: Use brushing interaction for analysis,23.16
KDEPCP,Analysis 3: Use brushing interaction for analysis,14.64
KDEPCP,Analysis 3: Use brushing interaction for analysis,19.37
KDEPCP,Analysis 3: Use brushing interaction for analysis,16.35
KDEPCP,Analysis 3: Use brushing interaction for analysis,20.04
KDEPCP,Analysis 3: Use brushing interaction for analysis,20.93
KDEPCP,Analysis 3: Use brushing interaction for analysis,17.64
KDEPCP,Analysis 3: Use brushing interaction for analysis,17.84
KDEPCP,Analysis 3: Use brushing interaction for analysis,27.31
KDEPCP,Analysis 3: Use brushing interaction for analysis,23.32
KDEPCP,Analysis 3: Use brushing interaction for analysis,16.56
KDEPCP,Analysis 3: Use brushing interaction for analysis,14.7
KDEPCP,Analysis 3: Use brushing interaction for analysis,27.8
KDEPCP,Analysis 3: Use brushing interaction for analysis,18.83
KDEPCP,Analysis 3: Use brushing interaction for analysis,19.22
KDEPCP,Analysis 3: Use brushing interaction for analysis,15.29
KDEPCP,Analysis 3: Use brushing interaction for analysis,26.61
KDEPCP,Analysis 3: Use brushing interaction for analysis,22.3
KDEPCP,Analysis 3: Use brushing interaction for analysis,18.69
KDEPCP,Analysis 3: Use brushing interaction for analysis,24.64
KDEPCP,Analysis 3: Use brushing interaction for analysis,15.42
KDEPCP,Analysis 3: Use brushing interaction for analysis,23.63
KDEPCP,Analysis 3: Use brushing interaction for analysis,25.67
KDEPCP,Analysis 3: Use brushing interaction for analysis,25.53
KDEPCP,Analysis 3: Use brushing interaction for analysis,22.98
KDEPCP,Analysis 3: Use brushing interaction for analysis,14.82
KDEPCP,Analysis 3: Use brushing interaction for analysis,15.05
KDEPCP,Analysis 3: Use brushing interaction for analysis,21.29
KDEPCP,Analysis 3: Use brushing interaction for analysis,14.62
KDEPCP,Analysis 3: Use brushing interaction for analysis,20.8
KDEPCP,Analysis 3: Use brushing interaction for analysis,22.16
KDEPCP,Analysis 3: Use brushing interaction for analysis,22.05
KDEPCP,Analysis 3: Use brushing interaction for analysis,18.13
KDEPCP,Analysis 3: Use brushing interaction for analysis,25.13
KDEPCP,Analysis 3: Use brushing interaction for analysis,20.12
KDEPCP,Analysis 3: Use brushing interaction for analysis,19.47
KDEPCP,Analysis 3: Use brushing interaction for analysis,23.98
KDEPCP,Analysis 3: Use brushing interaction for analysis,36.25
KDEPCP,Analysis 3: Use brushing interaction for analysis,18.48
KDEPCP,Analysis 3: Use brushing interaction for analysis,21.96
KDEPCP,Analysis 3: Use brushing interaction for analysis,22.13
KDEPCP,Analysis 3: Use brushing interaction for analysis,18.68
KDEPCP,Analysis 3: Use brushing interaction for analysis,20.32
KDEPCP,Analysis 3: Use brushing interaction for analysis,15.58
KDEPCP,Analysis 3: Use brushing interaction for analysis,19.69
KDEPCP,Analysis 3: Use brushing interaction for analysis,19.88
KDEPCP,Analysis 3: Use brushing interaction for analysis,22.7
KDEPCP,Analysis 3: Use brushing interaction for analysis,17.7
KDEPCP,Analysis 3: Use brushing interaction for analysis,22.37
KDEPCP,Analysis 3: Use brushing interaction for analysis,25.46
KDEPCP,Analysis 3: Use brushing interaction for analysis,23.76
KDEPCP,Analysis 3: Use brushing interaction for analysis,18.81
KDEPCP,Analysis 3: Use brushing interaction for analysis,15.55
KDEPCP,Analysis 3: Use brushing interaction for analysis,17.35
KDEPCP,Analysis 3: Use brushing interaction for analysis,24.63
KDEPCP,Analysis 3: Use brushing interaction for analysis,21.75
KDEPCP,Analysis 3: Use brushing interaction for analysis,21.58
KDEPCP,Analysis 3: Use brushing interaction for analysis,24.62
KDEPCP,Analysis 3: Use brushing interaction for analysis,17.11
KDEPCP,Analysis 4: Freely analyze,15.96
KDEPCP,Analysis 4: Freely analyze,16.35
KDEPCP,Analysis 4: Freely analyze,15.42
KDEPCP,Analysis 4: Freely analyze,18.21
KDEPCP,Analysis 4: Freely analyze,20.85
KDEPCP,Analysis 4: Freely analyze,23.07
KDEPCP,Analysis 4: Freely analyze,13.46
KDEPCP,Analysis 4: Freely analyze,19.93
KDEPCP,Analysis 4: Freely analyze,18.48
KDEPCP,Analysis 4: Freely analyze,21.91
KDEPCP,Analysis 4: Freely analyze,16.61
KDEPCP,Analysis 4: Freely analyze,14.22
KDEPCP,Analysis 4: Freely analyze,12.9
KDEPCP,Analysis 4: Freely analyze,20.0
KDEPCP,Analysis 4: Freely analyze,20.4
KDEPCP,Analysis 4: Freely analyze,21.15
KDEPCP,Analysis 4: Freely analyze,20.08
KDEPCP,Analysis 4: Freely analyze,24.27
KDEPCP,Analysis 4: Freely analyze,20.9
KDEPCP,Analysis 4: Freely analyze,15.36
KDEPCP,Analysis 4: Freely analyze,20.55
KDEPCP,Analysis 4: Freely analyze,19.42
KDEPCP,Analysis 4: Freely analyze,21.69
KDEPCP,Analysis 4: Freely analyze,20.7
KDEPCP,Analysis 4: Freely analyze,15.91
KDEPCP,Analysis 4: Freely analyze,16.06
KDEPCP,Analysis 4: Freely analyze,13.16
KDEPCP,Analysis 4: Freely analyze,12.56
KDEPCP,Analysis 4: Freely analyze,26.16
KDEPCP,Analysis 4: Freely analyze,15.17
KDEPCP,Analysis 4: Freely analyze,12.85
KDEPCP,Analysis 4: Freely analyze,22.38
KDEPCP,Analysis 4: Freely analyze,18.7
KDEPCP,Analysis 4: Freely analyze,21.39
KDEPCP,Analysis 4: Freely analyze,15.61
KDEPCP,Analysis 4: Freely analyze,17.99
KDEPCP,Analysis 4: Freely analyze,15.58
KDEPCP,Analysis 4: Freely analyze,19.08
KDEPCP,Analysis 4: Freely analyze,18.79
KDEPCP,Analysis 4: Freely analyze,19.33
KDEPCP,Analysis 4: Freely analyze,15.74
KDEPCP,Analysis 4: Freely analyze,27.75
KDEPCP,Analysis 4: Freely analyze,22.07
KDEPCP,Analysis 4: Freely analyze,16.88
KDEPCP,Analysis 4: Freely analyze,13.89
KDEPCP,Analysis 4: Freely analyze,26.18
KDEPCP,Analysis 4: Freely analyze,17.54
KDEPCP,Analysis 4: Freely analyze,18.96
KDEPCP,Analysis 4: Freely analyze,14.89
KDEPCP,Analysis 4: Freely analyze,25.43
KDEPCP,Analysis 4: Freely analyze,21.83
KDEPCP,Analysis 4: Freely analyze,19.25
KDEPCP,Analysis 4: Freely analyze,23.77
KDEPCP,Analysis 4: Freely analyze,14.16
KDEPCP,Analysis 4: Freely analyze,22.29
KDEPCP,Analysis 4: Freely analyze,23.49
KDEPCP,Analysis 4: Freely analyze,26.4
KDEPCP,Analysis 4: Freely analyze,21.83
KDEPCP,Analysis 4: Freely analyze,13.5
KDEPCP,Analysis 4: Freely analyze,14.09
KDEPCP,Analysis 4: Freely analyze,20.65
KDEPCP,Analysis 4: Freely analyze,13.56
KDEPCP,Analysis 4: Freely analyze,20.36
KDEPCP,Analysis 4: Freely analyze,21.03
KDEPCP,Analysis 4: Freely analyze,23.71
KDEPCP,Analysis 4: Freely analyze,17.55
KDEPCP,Analysis 4: Freely analyze,24.19
KDEPCP,Analysis 4: Freely analyze,19.72
KDEPCP,Analysis 4: Freely analyze,21.06
KDEPCP,Analysis 4: Freely analyze,22.15
KDEPCP,Analysis 4: Freely analyze,34.73
KDEPCP,Analysis 4: Freely analyze,20.44
KDEPCP,Analysis 4: Freely analyze,20.66
KDEPCP,Analysis 4: Freely analyze,22.0
KDEPCP,Analysis 4: Freely analyze,17.97
KDEPCP,Analysis 4: Freely analyze,19.38
KDEPCP,Analysis 4: Freely analyze,17.12
KDEPCP,Analysis 4: Freely analyze,19.38
KDEPCP,Analysis 4: Freely analyze,17.77
KDEPCP,Analysis 4: Freely analyze,25.98
KDEPCP,Analysis 4: Freely analyze,17.16
KDEPCP,Analysis 4: Freely analyze,23.37
KDEPCP,Analysis 4: Freely analyze,24.97
KDEPCP,Analysis 4: Freely analyze,21.46
KDEPCP,Analysis 4: Freely analyze,17.73
KDEPCP,Analysis 4: Freely analyze,15.53
KDEPCP,Analysis 4: Freely analyze,16.56
KDEPCP,Analysis 4: Freely analyze,23.54
KDEPCP,Analysis 4: Freely analyze,23.13
KDEPCP,Analysis 4: Freely analyze,20.14
KDEPCP,Analysis 4: Freely analyze,23.85
KDEPCP,Analysis 4: Freely analyze,18.97
SPLOM,Analysis 1: Analyze without interaction,22.12
SPLOM,Analysis 1: Analyze without interaction,20.31
SPLOM,Analysis 1: Analyze without interaction,16.92
SPLOM,Analysis 1: Analyze without interaction,24.34
SPLOM,Analysis 1: Analyze without interaction,24.11
SPLOM,Analysis 1: Analyze without interaction,28.27
SPLOM,Analysis 1: Analyze without interaction,18.8
SPLOM,Analysis 1: Analyze without interaction,23.0
SPLOM,Analysis 1: Analyze without interaction,25.7
SPLOM,Analysis 1: Analyze without interaction,22.42
SPLOM,Analysis 1: Analyze without interaction,20.39
SPLOM,Analysis 1: Analyze without interaction,15.13
SPLOM,Analysis 1: Analyze without interaction,14.89
SPLOM,Analysis 1: Analyze without interaction,23.45
SPLOM,Analysis 1: Analyze without interaction,25.92
SPLOM,Analysis 1: Analyze without interaction,18.83
SPLOM,Analysis 1: Analyze without interaction,24.69
SPLOM,Analysis 1: Analyze without interaction,22.48
SPLOM,Analysis 1: Analyze without interaction,23.59
SPLOM,Analysis 1: Analyze without interaction,15.19
SPLOM,Analysis 1: Analyze without interaction,25.25
SPLOM,Analysis 1: Analyze without interaction,23.94
SPLOM,Analysis 1: Analyze without interaction,25.62
SPLOM,Analysis 1: Analyze without interaction,20.8
SPLOM,Analysis 1: Analyze without interaction,13.87
SPLOM,Analysis 1: Analyze without interaction,25.29
SPLOM,Analysis 1: Analyze without interaction,14.35
SPLOM,Analysis 1: Analyze without interaction,13.13
SPLOM,Analysis 1: Analyze without interaction,27.01
SPLOM,Analysis 1: Analyze without interaction,18.13
SPLOM,Analysis 1: Analyze without interaction,15.81
SPLOM,Analysis 1: Analyze without interaction,23.82
SPLOM,Analysis 1: Analyze without interaction,21.83
SPLOM,Analysis 1: Analyze without interaction,22.03
SPLOM,Analysis 1: Analyze without interaction,15.57
SPLOM,Analysis 1: Analyze without interaction,19.34
SPLOM,Analysis 1: Analyze without interaction,15.93
SPLOM,Analysis 1: Analyze without interaction,22.04
SPLOM,Analysis 1: Analyze without interaction,21.99
SPLOM,Analysis 1: Analyze without interaction,18.35
SPLOM,Analysis 1: Analyze without interaction,17.13
SPLOM,Analysis 1: Analyze without interaction,27.86
SPLOM,Analysis 1: Analyze without interaction,23.29
SPLOM,Analysis 1: Analyze without interaction,18.15
SPLOM,Analysis 1: Analyze without interaction,14.34
SPLOM,Analysis 1: Analyze without interaction,27.18
SPLOM,Analysis 1: Analyze without interaction,27.8
SPLOM,Analysis 1: Analyze without interaction,23.45
SPLOM,Analysis 1: Analyze without interaction,14.66
SPLOM,Analysis 1: Analyze without interaction,27.41
SPLOM,Analysis 1: Analyze without interaction,25.17
SPLOM,Analysis 1: Analyze without interaction,18.66
SPLOM,Analysis 1: Analyze without interaction,22.48
SPLOM,Analysis 1: Analyze without interaction,15.41
SPLOM,Analysis 1: Analyze without interaction,22.72
SPLOM,Analysis 1: Analyze without interaction,26.08
SPLOM,Analysis 1: Analyze without interaction,30.29
SPLOM,Analysis 1: Analyze without interaction,25.39
SPLOM,Analysis 1: Analyze without interaction,18.2
SPLOM,Analysis 1: Analyze without interaction,14.21
SPLOM,Analysis 1: Analyze without interaction,19.08
SPLOM,Analysis 1: Analyze without interaction,14.3
SPLOM,Analysis 1: Analyze without interaction,19.65
SPLOM,Analysis 1: Analyze without interaction,22.37
SPLOM,Analysis 1: Analyze without interaction,21.73
SPLOM,Analysis 1: Analyze without interaction,19.79
SPLOM,Analysis 1: Analyze without interaction,25.41
SPLOM,Analysis 1: Analyze without interaction,24.45
SPLOM,Analysis 1: Analyze without interaction,27.23
SPLOM,Analysis 1: Analyze without interaction,25.59
SPLOM,Analysis 1: Analyze without interaction,29.49
SPLOM,Analysis 1: Analyze without interaction,16.21
SPLOM,Analysis 1: Analyze without interaction,21.56
SPLOM,Analysis 1: Analyze without interaction,20.8
SPLOM,Analysis 1: Analyze without interaction,19.18
SPLOM,Analysis 1: Analyze without interaction,21.06
SPLOM,Analysis 1: Analyze without interaction,17.98
SPLOM,Analysis 1: Analyze without interaction,18.77
SPLOM,Analysis 1: Analyze without interaction,22.59
SPLOM,Analysis 1: Analyze without interaction,17.92
SPLOM,Analysis 1: Analyze without interaction,25.49
SPLOM,Analysis 1: Analyze without interaction,28.29
SPLOM,Analysis 1: Analyze without interaction,27.5
SPLOM,Analysis 1: Analyze without interaction,26.33
SPLOM,Analysis 1: Analyze without interaction,24.18
SPLOM,Analysis 1: Analyze without interaction,16.57
SPLOM,Analysis 1: Analyze without interaction,21.52
SPLOM,Analysis 1: Analyze without interaction,25.02
SPLOM,Analysis 1: Analyze without interaction,20.19
SPLOM,Analysis 1: Analyze without interaction,23.52
SPLOM,Analysis 1: Analyze without interaction,28.93
SPLOM,Analysis 1: Analyze without interaction,23.56
SPLOM,Analysis 2: Use axis-swap interaction for analysis,21.25
SPLOM,Analysis 2: Use axis-swap interaction for analysis,20.92
SPLOM,Analysis 2: Use axis-swap interaction for analysis,14.17
SPLOM,Analysis 2: Use axis-swap interaction for analysis,25.21
SPLOM,Analysis 2: Use axis-swap interaction for analysis,22.27
SPLOM,Analysis 2: Use axis-swap interaction for analysis,26.0
SPLOM,Analysis 2: Use axis-swap interaction for analysis,18.74
SPLOM,Analysis 2: Use axis-swap interaction for analysis,20.56
SPLOM,Analysis 2: Use axis-swap interaction for analysis,24.65
SPLOM,Analysis 2: Use axis-swap interaction for analysis,22.6
SPLOM,Analysis 2: Use axis-swap interaction for analysis,18.75
SPLOM,Analysis 2: Use axis-swap interaction for analysis,15.95
SPLOM,Analysis 2: Use axis-swap interaction for analysis,14.58
SPLOM,Analysis 2: Use axis-swap interaction for analysis,23.09
SPLOM,Analysis 2: Use axis-swap interaction for analysis,24.78
SPLOM,Analysis 2: Use axis-swap interaction for analysis,18.61
SPLOM,Analysis 2: Use axis-swap interaction for analysis,23.99
SPLOM,Analysis 2: Use axis-swap interaction for analysis,22.68
SPLOM,Analysis 2: Use axis-swap interaction for analysis,21.41
SPLOM,Analysis 2: Use axis-swap interaction for analysis,15.0
SPLOM,Analysis 2: Use axis-swap interaction for analysis,23.69
SPLOM,Analysis 2: Use axis-swap interaction for analysis,23.54
SPLOM,Analysis 2: Use axis-swap interaction for analysis,23.79
SPLOM,Analysis 2: Use axis-swap interaction for analysis,21.39
SPLOM,Analysis 2: Use axis-swap interaction for analysis,12.71
SPLOM,Analysis 2: Use axis-swap interaction for analysis,22.76
SPLOM,Analysis 2: Use axis-swap interaction for analysis,14.31
SPLOM,Analysis 2: Use axis-swap interaction for analysis,13.21
SPLOM,Analysis 2: Use axis-swap interaction for analysis,24.43
SPLOM,Analysis 2: Use axis-swap interaction for analysis,17.78
SPLOM,Analysis 2: Use axis-swap interaction for analysis,15.98
SPLOM,Analysis 2: Use axis-swap interaction for analysis,22.69
SPLOM,Analysis 2: Use axis-swap interaction for analysis,20.11
SPLOM,Analysis 2: Use axis-swap interaction for analysis,23.15
SPLOM,Analysis 2: Use axis-swap interaction for analysis,13.23
SPLOM,Analysis 2: Use axis-swap interaction for analysis,20.62
SPLOM,Analysis 2: Use axis-swap interaction for analysis,14.34
SPLOM,Analysis 2: Use axis-swap interaction for analysis,20.72
SPLOM,Analysis 2: Use axis-swap interaction for analysis,19.28
SPLOM,Analysis 2: Use axis-swap interaction for analysis,16.34
SPLOM,Analysis 2: Use axis-swap interaction for analysis,27.81
SPLOM,Analysis 2: Use axis-swap interaction for analysis,25.3
SPLOM,Analysis 2: Use axis-swap interaction for analysis,22.71
SPLOM,Analysis 2: Use axis-swap interaction for analysis,22.03
SPLOM,Analysis 2: Use axis-swap interaction for analysis,16.96
SPLOM,Analysis 2: Use axis-swap interaction for analysis,28.93
SPLOM,Analysis 2: Use axis-swap interaction for analysis,27.02
SPLOM,Analysis 2: Use axis-swap interaction for analysis,22.97
SPLOM,Analysis 2: Use axis-swap interaction for analysis,13.32
SPLOM,Analysis 2: Use axis-swap interaction for analysis,27.73
SPLOM,Analysis 2: Use axis-swap interaction for analysis,20.98
SPLOM,Analysis 2: Use axis-swap interaction for analysis,17.2
SPLOM,Analysis 2: Use axis-swap interaction for analysis,18.31
SPLOM,Analysis 2: Use axis-swap interaction for analysis,13.18
SPLOM,Analysis 2: Use axis-swap interaction for analysis,22.47
SPLOM,Analysis 2: Use axis-swap interaction for analysis,24.33
SPLOM,Analysis 2: Use axis-swap interaction for analysis,25.25
SPLOM,Analysis 2: Use axis-swap interaction for analysis,24.7
SPLOM,Analysis 2: Use axis-swap interaction for analysis,18.72
SPLOM,Analysis 2: Use axis-swap interaction for analysis,12.02
SPLOM,Analysis 2: Use axis-swap interaction for analysis,13.41
SPLOM,Analysis 2: Use axis-swap interaction for analysis,17.73
SPLOM,Analysis 2: Use axis-swap interaction for analysis,16.23
SPLOM,Analysis 2: Use axis-swap interaction for analysis,19.49
SPLOM,Analysis 2: Use axis-swap interaction for analysis,20.35
SPLOM,Analysis 2: Use axis-swap interaction for analysis,16.13
SPLOM,Analysis 2: Use axis-swap interaction for analysis,25.89
SPLOM,Analysis 2: Use axis-swap interaction for analysis,22.25
SPLOM,Analysis 2: Use axis-swap interaction for analysis,24.37
SPLOM,Analysis 2: Use axis-swap interaction for analysis,21.61
SPLOM,Analysis 2: Use axis-swap interaction for analysis,28.89
SPLOM,Analysis 2: Use axis-swap interaction for analysis,15.12
SPLOM,Analysis 2: Use axis-swap interaction for analysis,22.9
SPLOM,Analysis 2: Use axis-swap interaction for analysis,19.27
SPLOM,Analysis 2: Use axis-swap interaction for analysis,16.4
SPLOM,Analysis 2: Use axis-swap interaction for analysis,19.74
SPLOM,Analysis 2: Use axis-swap interaction for analysis,16.0
SPLOM,Analysis 2: Use axis-swap interaction for analysis,20.61
SPLOM,Analysis 2: Use axis-swap interaction for analysis,22.68
SPLOM,Analysis 2: Use axis-swap interaction for analysis,14.84
SPLOM,Analysis 2: Use axis-swap interaction for analysis,20.71
SPLOM,Analysis 2: Use axis-swap interaction for analysis,19.31
SPLOM,Analysis 2: Use axis-swap interaction for analysis,19.82
SPLOM,Analysis 2: Use axis-swap interaction for analysis,21.54
SPLOM,Analysis 2: Use axis-swap interaction for analysis,21.31
SPLOM,Analysis 2: Use axis-swap interaction for analysis,18.09
SPLOM,Analysis 2: Use axis-swap interaction for analysis,20.75
SPLOM,Analysis 2: Use axis-swap interaction for analysis,22.23
SPLOM,Analysis 2: Use axis-swap interaction for analysis,14.68
SPLOM,Analysis 2: Use axis-swap interaction for analysis,19.44
SPLOM,Analysis 2: Use axis-swap interaction for analysis,27.14
SPLOM,Analysis 2: Use axis-swap interaction for analysis,22.19
SPLOM,Analysis 3: Use brushing interaction for analysis,21.8
SPLOM,Analysis 3: Use brushing interaction for analysis,20.56
SPLOM,Analysis 3: Use brushing interaction for analysis,14.56
SPLOM,Analysis 3: Use brushing interaction for analysis,24.32
SPLOM,Analysis 3: Use brushing interaction for analysis,21.2
SPLOM,Analysis 3: Use brushing interaction for analysis,25.06
SPLOM,Analysis 3: Use brushing interaction for analysis,18.58
SPLOM,Analysis 3: Use brushing interaction for analysis,20.94
SPLOM,Analysis 3: Use brushing interaction for analysis,21.36
SPLOM,Analysis 3: Use brushing interaction for analysis,21.92
SPLOM,Analysis 3: Use brushing interaction for analysis,18.4
SPLOM,Analysis 3: Use brushing interaction for analysis,16.28
SPLOM,Analysis 3: Use brushing interaction for analysis,13.78
SPLOM,Analysis 3: Use brushing interaction for analysis,23.18
SPLOM,Analysis 3: Use brushing interaction for analysis,27.68
SPLOM,Analysis 3: Use brushing interaction for analysis,17.56
SPLOM,Analysis 3: Use brushing interaction for analysis,22.59
SPLOM,Analysis 3: Use brushing interaction for analysis,21.9
SPLOM,Analysis 3: Use brushing interaction for analysis,21.26
SPLOM,Analysis 3: Use brushing interaction for analysis,15.36
SPLOM,Analysis 3: Use brushing interaction for analysis,24.96
SPLOM,Analysis 3: Use brushing interaction for analysis,22.21
SPLOM,Analysis 3: Use brushing interaction for analysis,22.03
SPLOM,Analysis 3: Use brushing interaction for analysis,20.29
SPLOM,Analysis 3: Use brushing interaction for analysis,13.04
SPLOM,Analysis 3: Use brushing interaction for analysis,21.86
SPLOM,Analysis 3: Use brushing interaction for analysis,12.73
SPLOM,Analysis 3: Use brushing interaction for analysis,12.43
SPLOM,Analysis 3: Use brushing interaction for analysis,26.57
SPLOM,Analysis 3: Use brushing interaction for analysis,19.38
SPLOM,Analysis 3: Use brushing interaction for analysis,15.9
SPLOM,Analysis 3: Use brushing interaction for analysis,19.99
SPLOM,Analysis 3: Use brushing interaction for analysis,21.54
SPLOM,Analysis 3: Use brushing interaction for analysis,23.26
SPLOM,Analysis 3: Use brushing interaction for analysis,12.8
SPLOM,Analysis 3: Use brushing interaction for analysis,22.62
SPLOM,Analysis 3: Use brushing interaction for analysis,14.04
SPLOM,Analysis 3: Use brushing interaction for analysis,20.6
SPLOM,Analysis 3: Use brushing interaction for analysis,20.33
SPLOM,Analysis 3: Use brushing interaction for analysis,16.39
SPLOM,Analysis 3: Use brushing interaction for analysis,26.45
SPLOM,Analysis 3: Use brushing interaction for analysis,23.92
SPLOM,Analysis 3: Use brushing interaction for analysis,21.22
SPLOM,Analysis 3: Use brushing interaction for analysis,21.45
SPLOM,Analysis 3: Use brushing interaction for analysis,15.92
SPLOM,Analysis 3: Use brushing interaction for analysis,27.4
SPLOM,Analysis 3: Use brushing interaction for analysis,24.92
SPLOM,Analysis 3: Use brushing interaction for analysis,20.75
SPLOM,Analysis 3: Use brushing interaction for analysis,13.44
SPLOM,Analysis 3: Use brushing interaction for analysis,28.23
SPLOM,Analysis 3: Use brushing interaction for analysis,20.92
SPLOM,Analysis 3: Use brushing interaction for analysis,17.73
SPLOM,Analysis 3: Use brushing interaction for analysis,19.26
SPLOM,Analysis 3: Use brushing interaction for analysis,12.3
SPLOM,Analysis 3: Use brushing interaction for analysis,23.31
SPLOM,Analysis 3: Use brushing interaction for analysis,21.87
SPLOM,Analysis 3: Use brushing interaction for analysis,25.19
SPLOM,Analysis 3: Use brushing interaction for analysis,26.73
SPLOM,Analysis 3: Use brushing interaction for analysis,17.56
SPLOM,Analysis 3: Use brushing interaction for analysis,10.8
SPLOM,Analysis 3: Use brushing interaction for analysis,12.52
SPLOM,Analysis 3: Use brushing interaction for analysis,16.98
SPLOM,Analysis 3: Use brushing interaction for analysis,14.38
SPLOM,Analysis 3: Use brushing interaction for analysis,19.86
SPLOM,Analysis 3: Use brushing interaction for analysis,19.63
SPLOM,Analysis 3: Use brushing interaction for analysis,14.28
SPLOM,Analysis 3: Use brushing interaction for analysis,23.74
SPLOM,Analysis 3: Use brushing interaction for analysis,22.49
SPLOM,Analysis 3: Use brushing interaction for analysis,22.15
SPLOM,Analysis 3: Use brushing interaction for analysis,19.25
SPLOM,Analysis 3: Use brushing interaction for analysis,27.37
SPLOM,Analysis 3: Use brushing interaction for analysis,15.78
SPLOM,Analysis 3: Use brushing interaction for analysis,21.35
SPLOM,Analysis 3: Use brushing interaction for analysis,20.64
SPLOM,Analysis 3: Use brushing interaction for analysis,16.95
SPLOM,Analysis 3: Use brushing interaction for analysis,18.92
SPLOM,Analysis 3: Use brushing interaction for analysis,15.51
SPLOM,Analysis 3: Use brushing interaction for analysis,20.67
SPLOM,Analysis 3: Use brushing interaction for analysis,20.69
SPLOM,Analysis 3: Use brushing interaction for analysis,13.49
SPLOM,Analysis 3: Use brushing interaction for analysis,19.13
SPLOM,Analysis 3: Use brushing interaction for analysis,21.49
SPLOM,Analysis 3: Use brushing interaction for analysis,20.58
SPLOM,Analysis 3: Use brushing interaction for analysis,23.0
SPLOM,Analysis 3: Use brushing interaction for analysis,20.74
SPLOM,Analysis 3: Use brushing interaction for analysis,19.94
SPLOM,Analysis 3: Use brushing interaction for analysis,18.96
SPLOM,Analysis 3: Use brushing interaction for analysis,19.36
SPLOM,Analysis 3: Use brushing interaction for analysis,15.79
SPLOM,Analysis 3: Use brushing interaction for analysis,20.22
SPLOM,Analysis 3: Use brushing interaction for analysis,27.68
SPLOM,Analysis 3: Use brushing interaction for analysis,19.74
SPLOM,Analysis 4: Freely analyze,21.37
SPLOM,Analysis 4: Freely analyze,18.27
SPLOM,Analysis 4: Freely analyze,16.37
SPLOM,Analysis 4: Freely analyze,23.73
SPLOM,Analysis 4: Freely analyze,23.69
SPLOM,Analysis 4: Freely analyze,25.25
SPLOM,Analysis 4: Freely analyze,17.15
SPLOM,Analysis 4: Freely analyze,22.62
SPLOM,Analysis 4: Freely analyze,21.01
SPLOM,Analysis 4: Freely analyze,22.44
SPLOM,Analysis 4: Freely analyze,19.6
SPLOM,Analysis 4: Freely analyze,20.97
SPLOM,Analysis 4: Freely analyze,15.78
SPLOM,Analysis 4: Freely analyze,22.83
SPLOM,Analysis 4: Freely analyze,28.65
SPLOM,Analysis 4: Freely analyze,23.05
SPLOM,Analysis 4: Freely analyze,21.15
SPLOM,Analysis 4: Freely analyze,20.53
SPLOM,Analysis 4: Freely analyze,26.55
SPLOM,Analysis 4: Freely analyze,14.52
SPLOM,Analysis 4: Freely analyze,23.62
SPLOM,Analysis 4: Freely analyze,24.22
SPLOM,Analysis 4: Freely analyze,22.05
SPLOM,Analysis 4: Freely analyze,18.83
SPLOM,Analysis 4: Freely analyze,12.21
SPLOM,Analysis 4: Freely analyze,20.17
SPLOM,Analysis 4: Freely analyze,13.54
SPLOM,Analysis 4: Freely analyze,12.66
SPLOM,Analysis 4: Freely analyze,27.43
SPLOM,Analysis 4: Freely analyze,19.47
SPLOM,Analysis 4: Freely analyze,18.9
SPLOM,Analysis 4: Freely analyze,19.88
SPLOM,Analysis 4: Freely analyze,21.34
SPLOM,Analysis 4: Freely analyze,21.07
SPLOM,Analysis 4: Freely analyze,12.84
SPLOM,Analysis 4: Freely analyze,22.27
SPLOM,Analysis 4: Freely analyze,11.74
SPLOM,Analysis 4: Freely analyze,22.06
SPLOM,Analysis 4: Freely analyze,23.49
SPLOM,Analysis 4: Freely analyze,12.32
SPLOM,Analysis 4: Freely analyze,25.58
SPLOM,Analysis 4: Freely analyze,18.63
SPLOM,Analysis 4: Freely analyze,16.62
SPLOM,Analysis 4: Freely analyze,24.85
SPLOM,Analysis 4: Freely analyze,16.77
SPLOM,Analysis 4: Freely analyze,27.99
SPLOM,Analysis 4: Freely analyze,20.22
SPLOM,Analysis 4: Freely analyze,17.01
SPLOM,Analysis 4: Freely analyze,13.53
SPLOM,Analysis 4: Freely analyze,26.13
SPLOM,Analysis 4: Freely analyze,19.61
SPLOM,Analysis 4: Freely analyze,16.76
SPLOM,Analysis 4: Freely analyze,20.08
SPLOM,Analysis 4: Freely analyze,14.25
SPLOM,Analysis 4: Freely analyze,22.38
SPLOM,Analysis 4: Freely analyze,24.22
SPLOM,Analysis 4: Freely analyze,24.23
SPLOM,Analysis 4: Freely analyze,30.72
SPLOM,Analysis 4: Freely analyze,24.4
SPLOM,Analysis 4: Freely analyze,18.25
SPLOM,Analysis 4: Freely analyze,12.37
SPLOM,Analysis 4: Freely analyze,16.27
SPLOM,Analysis 4: Freely analyze,13.62
SPLOM,Analysis 4: Freely analyze,15.39
SPLOM,Analysis 4: Freely analyze,19.6
SPLOM,Analysis 4: Freely analyze,12.78
SPLOM,Analysis 4: Freely analyze,25.64
SPLOM,Analysis 4: Freely analyze,21.53
SPLOM,Analysis 4: Freely analyze,18.97
SPLOM,Analysis 4: Freely analyze,25.84
SPLOM,Analysis 4: Freely analyze,25.67
SPLOM,Analysis 4: Freely analyze,15.64
SPLOM,Analysis 4: Freely analyze,23.98
SPLOM,Analysis 4: Freely analyze,21.19
SPLOM,Analysis 4: Freely analyze,18.89
SPLOM,Analysis 4: Freely analyze,18.26
SPLOM,Analysis 4: Freely analyze,15.13
SPLOM,Analysis 4: Freely analyze,24.81
SPLOM,Analysis 4: Freely analyze,23.08
SPLOM,Analysis 4: Freely analyze,15.71
SPLOM,Analysis 4: Freely analyze,18.66
SPLOM,Analysis 4: Freely analyze,19.74
SPLOM,Analysis 4: Freely analyze,19.87
SPLOM,Analysis 4: Freely analyze,25.61
SPLOM,Analysis 4: Freely analyze,20.55
SPLOM,Analysis 4: Freely analyze,20.27
SPLOM,Analysis 4: Freely analyze,17.26
SPLOM,Analysis 4: Freely analyze,19.92
SPLOM,Analysis 4: Freely analyze,14.13
SPLOM,Analysis 4: Freely analyze,24.01
SPLOM,Analysis 4: Freely analyze,28.98
SPLOM,Analysis 4: Freely analyze,20.34
PCP,Analysis 1: Analyze without interaction,21.06
PCP,Analysis 1: Analyze without interaction,23.87
PCP,Analysis 1: Analyze without interaction,16.21
PCP,Analysis 1: Analyze without interaction,26.88
PCP,Analysis 1: Analyze without interaction,25.74
PCP,Analysis 1: Analyze without interaction,29.6
PCP,Analysis 1: Analyze without interaction,20.99
PCP,Analysis 1: Analyze without interaction,24.27
PCP,Analysis 1: Analyze without interaction,26.83
PCP,Analysis 1: Analyze without interaction,22.09
PCP,Analysis 1: Analyze without interaction,22.92
PCP,Analysis 1: Analyze without interaction,14.83
PCP,Analysis 1: Analyze without interaction,15.94
PCP,Analysis 1: Analyze without interaction,23.4
PCP,Analysis 1: Analyze without interaction,25.39
PCP,Analysis 1: Analyze without interaction,19.58
PCP,Analysis 1: Analyze without interaction,26.62
PCP,Analysis 1: Analyze without interaction,33.51
PCP,Analysis 1: Analyze without interaction,37.89
PCP,Analysis 1: Analyze without interaction,19.05
PCP,Analysis 1: Analyze without interaction,23.37
PCP,Analysis 1: Analyze without interaction,32.48
PCP,Analysis 1: Analyze without interaction,25.92
PCP,Analysis 1: Analyze without interaction,25.9
PCP,Analysis 1: Analyze without interaction,18.82
PCP,Analysis 1: Analyze without interaction,23.86
PCP,Analysis 1: Analyze without interaction,23.92
PCP,Analysis 1: Analyze without interaction,25.44
PCP,Analysis 1: Analyze without interaction,32.45
PCP,Analysis 1: Analyze without interaction,20.8
PCP,Analysis 1: Analyze without interaction,16.04
PCP,Analysis 1: Analyze without interaction,26.9
PCP,Analysis 1: Analyze without interaction,36.23
PCP,Analysis 1: Analyze without interaction,27.54
PCP,Analysis 1: Analyze without interaction,19.95
PCP,Analysis 1: Analyze without interaction,17.39
PCP,Analysis 1: Analyze without interaction,18.42
PCP,Analysis 1: Analyze without interaction,25.7
PCP,Analysis 1: Analyze without interaction,26.48
PCP,Analysis 1: Analyze without interaction,19.69
PCP,Analysis 1: Analyze without interaction,19.25
PCP,Analysis 1: Analyze without interaction,33.79
PCP,Analysis 1: Analyze without interaction,31.27
PCP,Analysis 1: Analyze without interaction,19.41
PCP,Analysis 1: Analyze without interaction,37.3
PCP,Analysis 1: Analyze without interaction,27.29
PCP,Analysis 1: Analyze without interaction,30.96
PCP,Analysis 1: Analyze without interaction,32.01
PCP,Analysis 1: Analyze without interaction,28.99
PCP,Analysis 1: Analyze without interaction,30.98
PCP,Analysis 1: Analyze without interaction,33.52
PCP,Analysis 1: Analyze without interaction,23.8
PCP,Analysis 1: Analyze without interaction,21.54
PCP,Analysis 1: Analyze without interaction,14.84
PCP,Analysis 1: Analyze without interaction,26.01
PCP,Analysis 1: Analyze without interaction,27.85
PCP,Analysis 1: Analyze without interaction,25.02
PCP,Analysis 1: Analyze without interaction,33.79
PCP,Analysis 1: Analyze without interaction,33.84
PCP,Analysis 1: Analyze without interaction,30.1
PCP,Analysis 1: Analyze without interaction,33.27
PCP,Analysis 1: Analyze without interaction,30.99
PCP,Analysis 1: Analyze without interaction,25.83
PCP,Analysis 1: Analyze without interaction,29.43
PCP,Analysis 1: Analyze without interaction,23.89
PCP,Analysis 1: Analyze without interaction,36.06
PCP,Analysis 1: Analyze without interaction,21.61
PCP,Analysis 1: Analyze without interaction,21.73
PCP,Analysis 1: Analyze without interaction,35.63
PCP,Analysis 1: Analyze without interaction,28.81
PCP,Analysis 1: Analyze without interaction,36.69
PCP,Analysis 1: Analyze without interaction,18.88
PCP,Analysis 1: Analyze without interaction,21.16
PCP,Analysis 1: Analyze without interaction,23.59
PCP,Analysis 1: Analyze without interaction,31.85
PCP,Analysis 1: Analyze without interaction,21.19
PCP,Analysis 1: Analyze without interaction,21.69
PCP,Analysis 1: Analyze without interaction,12.5
PCP,Analysis 1: Analyze without interaction,41.18
PCP,Analysis 1: Analyze without interaction,28.56
PCP,Analysis 1: Analyze without interaction,18.32
PCP,Analysis 1: Analyze without interaction,22.41
PCP,Analysis 1: Analyze without interaction,18.64
PCP,Analysis 1: Analyze without interaction,25.98
PCP,Analysis 1: Analyze without interaction,32.93
PCP,Analysis 1: Analyze without interaction,22.95
PCP,Analysis 1: Analyze without interaction,25.77
PCP,Analysis 1: Analyze without interaction,33.19
PCP,Analysis 1: Analyze without interaction,20.52
PCP,Analysis 1: Analyze without interaction,8.1
PCP,Analysis 1: Analyze without interaction,22.53
PCP,Analysis 1: Analyze without interaction,26.04
PCP,Analysis 2: Use axis-swap interaction for analysis,21.59
PCP,Analysis 2: Use axis-swap interaction for analysis,28.25
PCP,Analysis 2: Use axis-swap interaction for analysis,23.22
PCP,Analysis 2: Use axis-swap interaction for analysis,24.75
PCP,Analysis 2: Use axis-swap interaction for analysis,20.71
PCP,Analysis 2: Use axis-swap interaction for analysis,28.98
PCP,Analysis 2: Use axis-swap interaction for analysis,22.29
PCP,Analysis 2: Use axis-swap interaction for analysis,24.02
PCP,Analysis 2: Use axis-swap interaction for analysis,26.42
PCP,Analysis 2: Use axis-swap interaction for analysis,21.33
PCP,Analysis 2: Use axis-swap interaction for analysis,16.36
PCP,Analysis 2: Use axis-swap interaction for analysis,18.6
PCP,Analysis 2: Use axis-swap interaction for analysis,20.17
PCP,Analysis 2: Use axis-swap interaction for analysis,16.67
PCP,Analysis 2: Use axis-swap interaction for analysis,19.28
PCP,Analysis 2: Use axis-swap interaction for analysis,22.37
PCP,Analysis 2: Use axis-swap interaction for analysis,25.55
PCP,Analysis 2: Use axis-swap interaction for analysis,33.2
PCP,Analysis 2: Use axis-swap interaction for analysis,28.69
PCP,Analysis 2: Use axis-swap interaction for analysis,17.12
PCP,Analysis 2: Use axis-swap interaction for analysis,28.36
PCP,Analysis 2: Use axis-swap interaction for analysis,24.89
PCP,Analysis 2: Use axis-swap interaction for analysis,26.11
PCP,Analysis 2: Use axis-swap interaction for analysis,18.7
PCP,Analysis 2: Use axis-swap interaction for analysis,14.39
PCP,Analysis 2: Use axis-swap interaction for analysis,23.05
PCP,Analysis 2: Use axis-swap interaction for analysis,22.82
PCP,Analysis 2: Use axis-swap interaction for analysis,20.48
PCP,Analysis 2: Use axis-swap interaction for analysis,28.38
PCP,Analysis 2: Use axis-swap interaction for analysis,22.5
PCP,Analysis 2: Use axis-swap interaction for analysis,16.24
PCP,Analysis 2: Use axis-swap interaction for analysis,20.94
PCP,Analysis 2: Use axis-swap interaction for analysis,33.0
PCP,Analysis 2: Use axis-swap interaction for analysis,25.85
PCP,Analysis 2: Use axis-swap interaction for analysis,20.06
PCP,Analysis 2: Use axis-swap interaction for analysis,12.21
PCP,Analysis 2: Use axis-swap interaction for analysis,24.36
PCP,Analysis 2: Use axis-swap interaction for analysis,27.78
PCP,Analysis 2: Use axis-swap interaction for analysis,18.35
PCP,Analysis 2: Use axis-swap interaction for analysis,16.13
PCP,Analysis 2: Use axis-swap interaction for analysis,10.98
PCP,Analysis 2: Use axis-swap interaction for analysis,29.6
PCP,Analysis 2: Use axis-swap interaction for analysis,36.2
PCP,Analysis 2: Use axis-swap interaction for analysis,22.68
PCP,Analysis 2: Use axis-swap interaction for analysis,40.44
PCP,Analysis 2: Use axis-swap interaction for analysis,21.51
PCP,Analysis 2: Use axis-swap interaction for analysis,23.14
PCP,Analysis 2: Use axis-swap interaction for analysis,30.59
PCP,Analysis 2: Use axis-swap interaction for analysis,29.24
PCP,Analysis 2: Use axis-swap interaction for analysis,25.25
PCP,Analysis 2: Use axis-swap interaction for analysis,38.0
PCP,Analysis 2: Use axis-swap interaction for analysis,21.05
PCP,Analysis 2: Use axis-swap interaction for analysis,31.44
PCP,Analysis 2: Use axis-swap interaction for analysis,18.42
PCP,Analysis 2: Use axis-swap interaction for analysis,23.11
PCP,Analysis 2: Use axis-swap interaction for analysis,33.72
PCP,Analysis 2: Use axis-swap interaction for analysis,24.76
PCP,Analysis 2: Use axis-swap interaction for analysis,32.46
PCP,Analysis 2: Use axis-swap interaction for analysis,24.15
PCP,Analysis 2: Use axis-swap interaction for analysis,28.19
PCP,Analysis 2: Use axis-swap interaction for analysis,27.65
PCP,Analysis 2: Use axis-swap interaction for analysis,21.23
PCP,Analysis 2: Use axis-swap interaction for analysis,25.91
PCP,Analysis 2: Use axis-swap interaction for analysis,20.4
PCP,Analysis 2: Use axis-swap interaction for analysis,17.09
PCP,Analysis 2: Use axis-swap interaction for analysis,27.18
PCP,Analysis 2: Use axis-swap interaction for analysis,17.44
PCP,Analysis 2: Use axis-swap interaction for analysis,23.52
PCP,Analysis 2: Use axis-swap interaction for analysis,26.61
PCP,Analysis 2: Use axis-swap interaction for analysis,22.06
PCP,Analysis 2: Use axis-swap interaction for analysis,24.66
PCP,Analysis 2: Use axis-swap interaction for analysis,17.2
PCP,Analysis 2: Use axis-swap interaction for analysis,26.61
PCP,Analysis 2: Use axis-swap interaction for analysis,25.46
PCP,Analysis 2: Use axis-swap interaction for analysis,26.72
PCP,Analysis 2: Use axis-swap interaction for analysis,19.14
PCP,Analysis 2: Use axis-swap interaction for analysis,19.93
PCP,Analysis 2: Use axis-swap interaction for analysis,11.66
PCP,Analysis 2: Use axis-swap interaction for analysis,45.03
PCP,Analysis 2: Use axis-swap interaction for analysis,25.41
PCP,Analysis 2: Use axis-swap interaction for analysis,25.63
PCP,Analysis 2: Use axis-swap interaction for analysis,19.39
PCP,Analysis 2: Use axis-swap interaction for analysis,18.67
PCP,Analysis 2: Use axis-swap interaction for analysis,21.4
PCP,Analysis 2: Use axis-swap interaction for analysis,29.82
PCP,Analysis 2: Use axis-swap interaction for analysis,24.2
PCP,Analysis 2: Use axis-swap interaction for analysis,28.83
PCP,Analysis 2: Use axis-swap interaction for analysis,33.75
PCP,Analysis 2: Use axis-swap interaction for analysis,23.46
PCP,Analysis 2: Use axis-swap interaction for analysis,9.52
PCP,Analysis 2: Use axis-swap interaction for analysis,25.2
PCP,Analysis 2: Use axis-swap interaction for analysis,22.09
PCP,Analysis 3: Use brushing interaction for analysis,21.68
PCP,Analysis 3: Use brushing interaction for analysis,23.86
PCP,Analysis 3: Use brushing interaction for analysis,20.2
PCP,Analysis 3: Use brushing interaction for analysis,24.85
PCP,Analysis 3: Use brushing interaction for analysis,20.99
PCP,Analysis 3: Use brushing interaction for analysis,29.61
PCP,Analysis 3: Use brushing interaction for analysis,20.86
PCP,Analysis 3: Use brushing interaction for analysis,22.33
PCP,Analysis 3: Use brushing interaction for analysis,31.0
PCP,Analysis 3: Use brushing interaction for analysis,21.48
PCP,Analysis 3: Use brushing interaction for analysis,19.07
PCP,Analysis 3: Use brushing interaction for analysis,18.74
PCP,Analysis 3: Use brushing interaction for analysis,20.5
PCP,Analysis 3: Use brushing interaction for analysis,17.82
PCP,Analysis 3: Use brushing interaction for analysis,20.33
PCP,Analysis 3: Use brushing interaction for analysis,18.58
PCP,Analysis 3: Use brushing interaction for analysis,25.68
PCP,Analysis 3: Use brushing interaction for analysis,29.64
PCP,Analysis 3: Use brushing interaction for analysis,26.89
PCP,Analysis 3: Use brushing interaction for analysis,14.01
PCP,Analysis 3: Use brushing interaction for analysis,28.38
PCP,Analysis 3: Use brushing interaction for analysis,26.71
PCP,Analysis 3: Use brushing interaction for analysis,24.74
PCP,Analysis 3: Use brushing interaction for analysis,15.74
PCP,Analysis 3: Use brushing interaction for analysis,20.59
PCP,Analysis 3: Use brushing interaction for analysis,29.8
PCP,Analysis 3: Use brushing interaction for analysis,21.84
PCP,Analysis 3: Use brushing interaction for analysis,19.93
PCP,Analysis 3: Use brushing interaction for analysis,25.67
PCP,Analysis 3: Use brushing interaction for analysis,23.88
PCP,Analysis 3: Use brushing interaction for analysis,22.91
PCP,Analysis 3: Use brushing interaction for analysis,27.62
PCP,Analysis 3: Use brushing interaction for analysis,32.85
PCP,Analysis 3: Use brushing interaction for analysis,20.12
PCP,Analysis 3: Use brushing interaction for analysis,26.59
PCP,Analysis 3: Use brushing interaction for analysis,14.07
PCP,Analysis 3: Use brushing interaction for analysis,18.97
PCP,Analysis 3: Use brushing interaction for analysis,35.08
PCP,Analysis 3: Use brushing interaction for analysis,18.07
PCP,Analysis 3: Use brushing interaction for analysis,17.67
PCP,Analysis 3: Use brushing interaction for analysis,12.54
PCP,Analysis 3: Use brushing interaction for analysis,29.61
PCP,Analysis 3: Use brushing interaction for analysis,34.69
PCP,Analysis 3: Use brushing interaction for analysis,24.34
PCP,Analysis 3: Use brushing interaction for analysis,40.15
PCP,Analysis 3: Use brushing interaction for analysis,24.58
PCP,Analysis 3: Use brushing interaction for analysis,21.19
PCP,Analysis 3: Use brushing interaction for analysis,29.44
PCP,Analysis 3: Use brushing interaction for analysis,20.21
PCP,Analysis 3: Use brushing interaction for analysis,23.0
PCP,Analysis 3: Use brushing interaction for analysis,32.16
PCP,Analysis 3: Use brushing interaction for analysis,23.29
PCP,Analysis 3: Use brushing interaction for analysis,30.59
PCP,Analysis 3: Use brushing interaction for analysis,23.55
PCP,Analysis 3: Use brushing interaction for analysis,23.57
PCP,Analysis 3: Use brushing interaction for analysis,33.59
PCP,Analysis 3: Use brushing interaction for analysis,24.94
PCP,Analysis 3: Use brushing interaction for analysis,27.05
PCP,Analysis 3: Use brushing interaction for analysis,19.88
PCP,Analysis 3: Use brushing interaction for analysis,30.85
PCP,Analysis 3: Use brushing interaction for analysis,28.13
PCP,Analysis 3: Use brushing interaction for analysis,23.56
PCP,Analysis 3: Use brushing interaction for analysis,20.61
PCP,Analysis 3: Use brushing interaction for analysis,27.83
PCP,Analysis 3: Use brushing interaction for analysis,21.61
PCP,Analysis 3: Use brushing interaction for analysis,26.74
PCP,Analysis 3: Use brushing interaction for analysis,19.52
PCP,Analysis 3: Use brushing interaction for analysis,24.7
PCP,Analysis 3: Use brushing interaction for analysis,32.08
PCP,Analysis 3: Use brushing interaction for analysis,20.26
PCP,Analysis 3: Use brushing interaction for analysis,27.67
PCP,Analysis 3: Use brushing interaction for analysis,25.49
PCP,Analysis 3: Use brushing interaction for analysis,19.19
PCP,Analysis 3: Use brushing interaction for analysis,23.87
PCP,Analysis 3: Use brushing interaction for analysis,23.8
PCP,Analysis 3: Use brushing interaction for analysis,20.02
PCP,Analysis 3: Use brushing interaction for analysis,15.89
PCP,Analysis 3: Use brushing interaction for analysis,13.01
PCP,Analysis 3: Use brushing interaction for analysis,38.45
PCP,Analysis 3: Use brushing interaction for analysis,26.48
PCP,Analysis 3: Use brushing interaction for analysis,23.7
PCP,Analysis 3: Use brushing interaction for analysis,18.92
PCP,Analysis 3: Use brushing interaction for analysis,14.01
PCP,Analysis 3: Use brushing interaction for analysis,19.17
PCP,Analysis 3: Use brushing interaction for analysis,27.2
PCP,Analysis 3: Use brushing interaction for analysis,20.25
PCP,Analysis 3: Use brushing interaction for analysis,23.11
PCP,Analysis 3: Use brushing interaction for analysis,29.58
PCP,Analysis 3: Use brushing interaction for analysis,24.75
PCP,Analysis 3: Use brushing interaction for analysis,12.22
PCP,Analysis 3: Use brushing interaction for analysis,21.08
PCP,Analysis 3: Use brushing interaction for analysis,20.91
PCP,Analysis 4: Freely analyze,18.3
PCP,Analysis 4: Freely analyze,23.38
PCP,Analysis 4: Freely analyze,22.21
PCP,Analysis 4: Freely analyze,27.19
PCP,Analysis 4: Freely analyze,23.94
PCP,Analysis 4: Freely analyze,23.14
PCP,Analysis 4: Freely analyze,21.92
PCP,Analysis 4: Freely analyze,21.09
PCP,Analysis 4: Freely analyze,27.41
PCP,Analysis 4: Freely analyze,23.37
PCP,Analysis 4: Freely analyze,11.88
PCP,Analysis 4: Freely analyze,15.99
PCP,Analysis 4: Freely analyze,18.48
PCP,Analysis 4: Freely analyze,24.54
PCP,Analysis 4: Freely analyze,29.41
PCP,Analysis 4: Freely analyze,12.73
PCP,Analysis 4: Freely analyze,26.74
PCP,Analysis 4: Freely analyze,27.79
PCP,Analysis 4: Freely analyze,26.63
PCP,Analysis 4: Freely analyze,12.55
PCP,Analysis 4: Freely analyze,27.8
PCP,Analysis 4: Freely analyze,20.11
PCP,Analysis 4: Freely analyze,20.61
PCP,Analysis 4: Freely analyze,10.72
PCP,Analysis 4: Freely analyze,22.83
PCP,Analysis 4: Freely analyze,21.35
PCP,Analysis 4: Freely analyze,20.41
PCP,Analysis 4: Freely analyze,23.83
PCP,Analysis 4: Freely analyze,33.96
PCP,Analysis 4: Freely analyze,18.34
PCP,Analysis 4: Freely analyze,22.0
PCP,Analysis 4: Freely analyze,31.19
PCP,Analysis 4: Freely analyze,26.91
PCP,Analysis 4: Freely analyze,12.74
PCP,Analysis 4: Freely analyze,17.57
PCP,Analysis 4: Freely analyze,18.83
PCP,Analysis 4: Freely analyze,11.1
PCP,Analysis 4: Freely analyze,26.95
PCP,Analysis 4: Freely analyze,13.92
PCP,Analysis 4: Freely analyze,17.03
PCP,Analysis 4: Freely analyze,18.61
PCP,Analysis 4: Freely analyze,31.78
PCP,Analysis 4: Freely analyze,23.09
PCP,Analysis 4: Freely analyze,23.01
PCP,Analysis 4: Freely analyze,27.64
PCP,Analysis 4: Freely analyze,20.58
PCP,Analysis 4: Freely analyze,17.0
PCP,Analysis 4: Freely analyze,20.95
PCP,Analysis 4: Freely analyze,13.61
PCP,Analysis 4: Freely analyze,19.62
PCP,Analysis 4: Freely analyze,35.79
PCP,Analysis 4: Freely analyze,23.41
PCP,Analysis 4: Freely analyze,26.9
PCP,Analysis 4: Freely analyze,23.53
PCP,Analysis 4: Freely analyze,24.7
PCP,Analysis 4: Freely analyze,25.58
PCP,Analysis 4: Freely analyze,18.31
PCP,Analysis 4: Freely analyze,26.01
PCP,Analysis 4: Freely analyze,13.56
PCP,Analysis 4: Freely analyze,22.24
PCP,Analysis 4: Freely analyze,20.11
PCP,Analysis 4: Freely analyze,23.83
PCP,Analysis 4: Freely analyze,19.21
PCP,Analysis 4: Freely analyze,29.88
PCP,Analysis 4: Freely analyze,21.24
PCP,Analysis 4: Freely analyze,23.81
PCP,Analysis 4: Freely analyze,12.39
PCP,Analysis 4: Freely analyze,29.85
PCP,Analysis 4: Freely analyze,35.59
PCP,Analysis 4: Freely analyze,27.31
PCP,Analysis 4: Freely analyze,23.8
PCP,Analysis 4: Freely analyze,25.35
PCP,Analysis 4: Freely analyze,19.31
PCP,Analysis 4: Freely analyze,27.65
PCP,Analysis 4: Freely analyze,20.88
PCP,Analysis 4: Freely analyze,25.69
PCP,Analysis 4: Freely analyze,22.66
PCP,Analysis 4: Freely analyze,15.08
PCP,Analysis 4: Freely analyze,32.13
PCP,Analysis 4: Freely analyze,41.88
PCP,Analysis 4: Freely analyze,24.74
PCP,Analysis 4: Freely analyze,18.61
PCP,Analysis 4: Freely analyze,22.97
PCP,Analysis 4: Freely analyze,19.01
PCP,Analysis 4: Freely analyze,34.84
PCP,Analysis 4: Freely analyze,19.19
PCP,Analysis 4: Freely analyze,34.7
PCP,Analysis 4: Freely analyze,26.78
PCP,Analysis 4: Freely analyze,25.51
PCP,Analysis 4: Freely analyze,14.78
PCP,Analysis 4: Freely analyze,27.51
PCP,Analysis 4: Freely analyze,24.56